ID,NutrientID,NutrientCode,NutrientSymbol,NutrientUnit,NutrientName,Tagname,NutrientDecimals,need,NutrientGroup
0,203,203,PROT,g,PROTEIN,PROCNT,2,60,2
1,204,204,FAT,g,FAT (TOTAL LIPIDS),FAT,2,66,2
2,205,205,CARB,g,"CARBOHYDRATE, TOTAL (BY DIFFERENCE)",CHOCDF,2,1100,2
3,207,207,ASH,g,"ASH, TOTAL",ASH,2,0,0
4,208,208,KCAL,kCal,ENERGY (KILOCALORIES),ENERC_KCAL,0,2,2
5,810,209,STAR,g,STARCH,STARCH,2,200,2
6,210,210,SUCR,g,SUCROSE,SUCS,2,0,0
7,211,211,GLUC,g,GLUCOSE,GLUS,2,0,0
8,212,212,FRUC,g,FRUCTOSE,FRUS,2,0,0
9,213,213,LACT,g,LACTOSE,LACS,2,0,0
10,214,214,MALT,g,MALTOSE,MALS,2,0,0
11,221,221,ALCO,g,ALCOHOL,ALC,2,0,0
12,245,245,OXAL,mg,OXALIC ACID,OXALAC,0,0,0
13,255,255,H2O,g,MOISTURE,WATER,2,0,0
14,260,260,MANN,g,MANNITOL,MANTL,2,0,0
15,261,261,SORB,g,SORBITOL,SORTL,2,0,0
16,262,262,CAFF,mg,CAFFEINE,CAFFN,0,0,0
17,263,263,THBR,mg,THEOBROMINE,THEBRN,0,0,0
18,268,268,KJ,kJ,ENERGY (KILOJOULES),ENERC_KJ,0,0,2
19,269,269,TSUG,g,"SUGARS, TOTAL",SUGAR,2,30,4
20,287,287,GAL,g,GALACTOSE,GALS,2,0,0
21,291,291,TDF,g,"FIBRE, TOTAL DIETARY",FIBTG,1,30,2
22,301,301,CA,mg,CALCIUM,CA,0,1000,3
23,303,303,FE,mg,IRON,FE,2,8,3
24,304,304,MG,mg,MAGNESIUM,MG,0,360,3
25,305,305,P,mg,PHOSPHORUS,P,0,3000,3
26,306,306,K,mg,POTASSIUM,K,0,4700,3
27,307,307,,mg,SODIUM,,0,2300,4
28,309,309,ZN,mg,ZINC,ZN,2,9,3
29,312,312,CU,mg,COPPER,CU,3,0.9,3
30,315,315,MN,mg,MANGANESE,MN,3,3,3
31,317,317,SE,µg,SELENIUM,SE,1,55,3
32,319,319,RT-µG,µg,RETINOL,RETOL,0,0,0
33,814,320,RAE,µg,RETINOL ACTIVITY EQUIVALENTS,VITA_RAE,0,0,0
34,321,321,BC-µG,µg,BETA CAROTENE,CARTB,0,0,0
35,834,322,AC-µG,µg,ALPHA CAROTENE,CARTA,0,0,0
36,323,323,ATMG,mg,ALPHA-TOCOPHEROL,TOCPHA,2,0,0
37,324,324,D-IU,IU,VITAMIN D (INTERNATIONAL UNITS),VITD_IU,0,600,1
38,876,325,D2-µG,µg,"VITAMIN D2, ERGOCALCIFEROL",ERGCAL,1,0,0
39,339,328,D3+D2-µG,µg,VITAMIN D (D2 + D3),VITD_ µG,1,0,0
40,835,334,CRYPX,µg,BETA CRYPTOXANTHIN,CRYPX,0,0,0
41,836,337,LYCPN,µg,LYCOPENE,LYCPN,0,0,0
42,837,338,LUT+ZEA,µg,LUTEIN AND ZEAXANTHIN,LUT+ZEA,0,0,0
43,811,341,BTMG,mg,BETA-TOCOPHEROL,TOCPHB,2,0,0
44,812,342,GTMG,mg,GAMMA-TOCOPHEROL,TOCPHG,2,0,0
45,813,343,DTMG,mg,DELTA-TOCOPHEROL,TOCPHD,2,0,0
46,401,401,VITC,mg,VITAMIN C,VITC,1,90,1
47,404,404,THIA,mg,THIAMIN,THIA,3,0,0
48,405,405,RIBO,mg,RIBOFLAVIN,RIBF,3,0,0
49,406,406,N-MG,mg,NIACIN (NICOTINIC ACID) PREFORMED,NIA,3,0,0
50,409,409,N-NE,NE,TOTAL NIACIN EQUIVALENT,NIAEQ,3,0,0
51,410,410,PANT,mg,PANTOTHENIC ACID,PANTAC,3,0,0
52,415,415,B6,mg,VITAMIN B-6,VITB6A,3,1.3,1
53,416,416,BIOT,µg,BIOTIN,BIOT,0,0,0
54,417,417,FOLA,µg,TOTAL FOLACIN,FOL,0,0,0
55,418,418,B12,µg,VITAMIN B-12,VITB12,2,2.4,1
56,862,421,CHOLN,mg,"CHOLINE, TOTAL",CHOLN,1,0,0
57,430,430,VITK,µg,VITAMIN K,VITK,1,120,1
58,431,431,FOAC,µg,FOLIC ACID,FOLAC,0,0,0
59,806,432,FOLN,µg,NATURALLY OCCURRING FOLATE,FOLFD,0,0,0
60,815,435,DFE,µg,DIETARY FOLATE EQUIVALENTS,FOLDFE,0,0,0
61,863,454,BETN,mg,BETAINE,BETN,1,0,0
62,501,501,TRP,g,TRYPTOPHAN,TRP,3,0,0
63,502,502,THR,g,THREONINE,THR,3,0,0
64,503,503,ISO,g,ISOLEUCINE,ILE,3,0,0
65,504,504,LEU,g,LEUCINE,LEU,3,0,0
66,505,505,LYS,g,LYSINE,LYS,3,0,0
67,506,506,MET,g,METHIONINE,MET,3,0,0
68,507,507,CYS,g,CYSTINE,CYS,3,0,0
69,508,508,PHE,g,PHENYLALANINE,PHE,3,0,0
70,509,509,TYR,g,TYROSINE,TYR,3,0,0
71,510,510,VAL,g,VALINE,VAL,3,0,0
72,511,511,ARG,g,ARGININE,ARG,3,0,0
73,512,512,HIS,g,HISTIDINE,HIS,3,0,0
74,513,513,ALA,g,ALANINE,ALA,3,0,0
75,514,514,ASP,g,ASPARTIC ACID,ASP,3,0,0
76,515,515,GLU,g,GLUTAMIC ACID,GLU,3,0,0
77,516,516,GLY,g,GLYCINE,GLY,3,0,0
78,517,517,PRO,g,PROLINE,PRO,3,0,0
79,518,518,SER,g,SERINE,SER,3,0,0
80,828,521,HYP,g,HYDROXYPROLINE,HYP,3,0,0
81,550,550,ASPA,mg,ASPARTAME,,0,0,0
82,875,573,ATMG-A,mg,"ALPHA-TOCOPHEROL, ADDED"," ADDED""","VITAMINE B12, AJOUTÉE",0,0
83,601,601,CHOL,mg,CHOLESTEROL,CHOLE,0,300,4
84,605,605,TRFA,g,"FATTY ACIDS, TRANS, TOTAL",FATRN,3,,0
85,606,606,TSAT,g,"FATTY ACIDS, SATURATED, TOTAL",FASAT,3,0,0
86,607,607,4:00,g,"FATTY ACIDS, SATURATED, 4:0, BUTANOIC",F4D0,3,0,0
87,608,608,6:00,g,"FATTY ACIDS, SATURATED, 6:0, HEXANOIC",F6D0,3,0,0
88,609,609,8:00,g,"FATTY ACIDS, SATURATED, 8:0, OCTANOIC",F8D0,3,0,0
89,610,610,10:00,g,"FATTY ACIDS, SATURATED, 10:0, DECANOIC",F10D0,3,0,0
90,611,611,12:00,g,"FATTY ACIDS, SATURATED, 12:0, DODECANOIC",F12D0,3,0,0
91,612,612,14:00,g,"FATTY ACIDS, SATURATED, 14:0, TETRADECANOIC",F14D0,3,0,0
92,613,613,16:00,g,"FATTY ACIDS, SATURATED, 16:0, HEXADECANOIC",F16D0,3,0,0
93,614,614,18:00,g,"FATTY ACIDS, SATURATED, 18:0, OCTADECANOIC",F18D0,3,0,0
94,615,615,20:00,g,"FATTY ACIDS, SATURATED, 20:0, EICOSANOIC",F20D0,3,0,0
95,617,617,18:1undiff,g,"FATTY ACIDS, MONOUNSATURATED, 18:1undifferentiated, OCTADECENOIC",F18D1,3,0,0
96,618,618,18:2undiff,g,"FATTY ACIDS, POLYUNSATURATED, 18:2undifferentiated, LINOLEIC, OCTADECADIENOIC",F18D2,3,0,0
97,619,619,18:3undiff,g,"FATTY ACIDS, POLYUNSATURATED, 18:3undifferentiated, LINOLENIC, OCTADECATRIENOIC",F18D3,3,0,0
98,620,620,20:4undiff,g,"FATTY ACIDS, POLYUNSATURATED, 20:4, EICOSATETRAENOIC",F20D4,3,0,0
99,621,621,22:6n-3DHA,g,"FATTY ACIDS, POLYUNSATURATED, 22:6 n-3, DOCOSAHEXAENOIC (DHA)",F22D6N3,3,0,0
100,624,624,22:00,g,"FATTY ACIDS, SATURATED, 22:0, DOCOSANOIC",F22D0,3,0,0
101,625,625,14:01,g,"FATTY ACIDS, MONOUNSATURATED, 14:1, TETRADECENOIC",F14D1,3,0,0
102,626,626,16:1undiff,g,"FATTY ACIDS, MONOUNSATURATED, 16:1undifferentiated, HEXADECENOIC",F16D1,3,0,0
103,627,627,18:04,g,"FATTY ACIDS, POLYUNSATURATED, 18:4, OCTADECATETRAENOIC",F18D4,3,0,0
104,628,628,20:01,g,"FATTY ACIDS, MONOUNSATURATED, 20:1, EICOSENOIC",F20D1,3,0,0
105,629,629,20:5n-3EPA,g,"FATTY ACIDS, POLYUNSATURATED, 20:5 n-3, EICOSAPENTAENOIC (EPA)",F20D5N3,3,0,0
106,630,630,22:1undiff,g,"FATTY ACIDS, MONOUNSATURATED, 22:1undifferentiated, DOCOSENOIC",F22D1,3,0,0
107,631,631,22:5n-3DPA,g,"FATTY ACIDS, POLYUNSATURATED, 22:5 n-3, DOCOSAPENTAENOIC (DPA)",F22D5N3,3,0,0
108,636,636,TPST,mg,TOTAL PLANT STEROL,PHYSTR,0,0,0
109,638,638,STIG,mg,STIGMASTEROL,STID7,0,0,0
110,866,639,CAMSTR,mg,CAMPESTEROL,CAMD5,0,0,0
111,816,641,SITSTR,mg,BETA-SITOSTEROL,SITSTR,0,0,0
112,645,645,MUFA,g,"FATTY ACIDS, MONOUNSATURATED, TOTAL",FAMS,3,0,0
113,646,646,PUFA,g,"FATTY ACIDS, POLYUNSATURATED, TOTAL",FAPU,3,0,0
114,652,652,15:00,g,"FATTY ACIDS, SATURATED, 15:0, PENTADECANOIC",F15D0,3,0,0
115,653,653,17:00,g,"FATTY ACIDS, SATURATED, 17:0, HEPTADECANOIC",F17D0,3,0,0
116,654,654,24:00:00,g,"FATTY ACIDS, SATURATED, 24:0, TETRACOSANOIC",F24D0,3,0,0
117,817,662,16:1t,g,"FATTY ACIDS, MONOUNSATURATED, 16:1t, HEXADECENOIC",F16D1T,3,0,0
118,818,663,18:1t,g,"FATTY ACIDS, MONOUNSATURATED, 18:1t, OCTADECENOIC",F18D1T,3,0,0
119,852,664,22:1t,g,"FATTY ACIDS, MONOUNSATURATED, 22:1t, DOCOSENOIC",,3,0,0
120,819,666,18:2i,g,"FATTY ACIDS, POLYUNSATURATED, 18:2i, LINOLEIC, OCTADECADIENOIC",,3,0,0
121,853,669,"18:2t,t",g,"FATTY ACIDS, POLYUNSATURATED, 18:2t,t , OCTADECADIENENOIC",F18D2TT,3,0,0
122,838,670,18:2cla,g,"FATTY ACIDS, POLYUNSATURATED, CONJUGATED, 18:2 cla, LINOLEIC, OCTADECADIENOIC",F18D2CLA,3,0,0
123,820,671,24:1c,g,"FATTY ACIDS, MONOUNSATURATED, 24:1c, TETRACOSENOIC",F24D1C,3,0,0
124,823,672,20:2cc,g,"FATTY ACIDS, POLYUNSATURATED, 20:2 c,c  EICOSADIENOIC",F20D2CN6,3,0,0
125,821,673,16:1c,g,"FATTY ACIDS, MONOUNSATURATED, 16:1c, HEXADECENOIC",F16D1C,3,0,0
126,824,674,18:1c,g,"FATTY ACIDS, MONOUNSATURATED, 18:1c, OCTADECENOIC",F18D1C,3,0,0
127,825,675,18:2ccn-6,g,"FATTY ACIDS, POLYUNSATURATED, 18:2 c,c n-6,  LINOLEIC, OCTADECADIENOIC",F18D2CN6,3,0,0
128,840,676,22:1c,g,"FATTY ACIDS, MONOUNSATURATED, 22:1c, DOCOSENOIC",,3,0,0
129,832,685,18:3cccn-6,g,"FATTY ACIDS, POLYUNSATURATED, 18:3 c,c,c n-6, g-LINOLENIC, OCTADECATRIENOIC",F18D3CN6,3,0,0
130,826,687,17:01,g,"FATTY ACIDS, MONOUNSATURATED, 17:1, HEPTADECENOIC",F17D1,3,0,0
131,827,689,20:3undiff,g,"FATTY ACIDS, POLYUNSATURATED, 20:3, EICOSATRIENOIC",F20D3,3,0,0
132,829,693,TRMO,g,"FATTY ACIDS, TOTAL TRANS-MONOENOIC",FATRNM,3,0,0
133,859,695,TRPO,g,"FATTY ACIDS, TOTAL TRANS-POLYENOIC",FATRNP,3,0,0
134,830,696,13:00,g,"FATTY ACIDS, SATURATED, 13:0 TRIDECANOIC",F13D0,3,0,0
135,833,697,15:01,g,"FATTY ACIDS, MONOUNSATURATED, 15:1, PENTADECENOIC",F15D1,3,0,0
136,802,802,TMOS,g,TOTAL MONOSACCARIDES,MNSAC,2,0,0
137,803,803,TDIS,g,TOTAL DISACCHARIDES,DISAC,2,0,0
138,831,851,18:3cccn-3,g,"FATTY ACIDS, POLYUNSATURATED, 18:3 c,c,c n-3  LINOLENIC, OCTADECATRIENOIC",F18D3CN3,3,0,0
139,861,852,20:3n-3,g,"FATTY ACIDS, POLYUNSATURATED, 20:3 n-3 EICOSATRIENOIC",F20D3N3,3,0,0
140,854,853,20:3n-6,g,"FATTY ACIDS, POLYUNSATURATED, 20:3 n-6, EICOSATRIENOIC",F20D3N6,3,0,0
141,855,855,20:4n-6,g,"FATTY ACIDS, POLYUNSATURATED, 20:4 n-6, ARACHIDONIC",F20D4N6,3,0,0
142,841,856,18:3i,g,"FATTY ACIDS, POLYUNSATURATED, 18:3i, LINOLENIC, OCTADECATRIENOIC",,3,0,0
143,843,857,21:05,g,"FATTY ACIDS, POLYUNSATURATED, 21:5",F21D5,3,0,0
144,845,858,22:4n-6,g,"FATTY ACIDS, POLYUNSATURATED, 22:4 n-6, DOCOSATETRAENOIC",F22D4,3,0,0
145,846,859,24:1undiff,g,"FATTY ACIDS, MONOUNSATURATED,  24:1undifferentiated, TETRACOSENOIC",F24D1,3,0,0
146,847,860,12:01,g,"FATTY ACIDS, MONOUNSATURATED, 12:1, LAUROLEIC",F12D1,3,0,0
147,848,861,22:03,g,"FATTY ACIDS, POLYUNSATURATED, 22:3,",F22D3,3,0,0
148,849,862,22:02,g,"FATTY ACIDS, POLYUNSATURATED, 22:2, DOCOSADIENOIC",F22D2,3,0,0
149,868,902,TOmega n-3,g,"FATTY ACIDS, POLYUNSATURATED, TOTAL OMEGA  N-3",FAPUN3,3,0,0
150,869,903,TOmega n-6,g,"FATTY ACIDS, POLYUNSATURATED, TOTAL OMEGA   N-6",FAPUN6,3,0,0
